<?xml version="1.0" encoding="UTF-8"?>
<project-private xmlns="http://www.netbeans.org/ns/project-private/1">
    <editor-bookmarks xmlns="http://www.netbeans.org/ns/editor-bookmarks/2" lastBookmarkId="0"/>
    <open-files xmlns="http://www.netbeans.org/ns/projectui-open-files/2">
        <group>
            <file>file:/D:/java%20Netbean/project/projectOOPJavaApplication1/src/Controller/Controller.java</file>
            <file>file:/D:/java%20Netbean/project/projectOOPJavaApplication1/src/projectoopjavaapplication1/ProjectOOPJavaApplication1.java</file>
            <file>file:/D:/java%20Netbean/project/projectOOPJavaApplication1/src/Model/NVTV.java</file>
            <file>file:/D:/java%20Netbean/project/projectOOPJavaApplication1/src/View/editNVTV.java</file>
            <file>file:/D:/java%20Netbean/project/projectOOPJavaApplication1/src/View/addNVTV.java</file>
            <file>file:/D:/java%20Netbean/project/projectOOPJavaApplication1/src/Controller/ControllerImp.java</file>
            <file>file:/D:/java%20Netbean/project/projectOOPJavaApplication1/src/View/editNVBC.java</file>
            <file>file:/D:/java%20Netbean/project/projectOOPJavaApplication1/src/View/addNVBC.java</file>
            <file>file:/D:/java%20Netbean/project/projectOOPJavaApplication1/src/Model/NVBC.java</file>
            <file>file:/D:/java%20Netbean/project/projectOOPJavaApplication1/src/View/addTKNV.java</file>
            <file>file:/D:/java%20Netbean/project/projectOOPJavaApplication1/src/View/View.java</file>
            <file>file:/D:/java%20Netbean/project/projectOOPJavaApplication1/src/View/Home.java</file>
            <file>file:/D:/java%20Netbean/project/projectOOPJavaApplication1/src/Model/TK.java</file>
        </group>
    </open-files>
</project-private>
